Date,Mood
2025-03-09,happy
2025-03-08,sad
2025-03-07,angry
2025-03-06,neutral
2025-03-05,funny
2025-03-04,Angry
2025-03-03,happy
2025-03-02,neutral
2025-03-01,sad
2025-03-24,Angry
2025-03-14,Angry
2025-03-13,happy
2025-03-12,neutral
2025-03-11,sad
2025-03-10,Angry
2025-03-25,Happy
2025-03-25,Happy
2025-03-25,Happy
2025-03-25,Happy
2025-03-25,Happy
2025-03-25,Happy
2025-03-25,Happy
2025-03-25,Happy
2025-03-25,Happy
2025-03-25,Happy
2025-03-25,Sad
2025-03-25,Sad
2025-03-25,Sad
2025-03-25,Sad
2025-03-25,Sad
